URL,Version,Status,OIDs,Name,Title,Descriptino,Used
http://id.who.int/icd11/mms,0.1.0,draft,,ICD11,ICD-11,"ICD-11.",
http://moh.zambia/ig/smart-immunizations-measles/CodeSystem/IMMZ.C,0.1.0,draft,,IMMZ_C,IMMZ.C CodeSystem for Data Elements,"CodeSystem for IMMZ.C Data Elements",
http://moh.zambia/ig/smart-immunizations-measles/CodeSystem/IMMZ.D1,0.1.0,draft,,IMMZ_D1,IMMZ.D1 CodeSystem for Data Elements,"CodeSystem for IMMZ.C Data Elements",
http://moh.zambia/ig/smart-immunizations-measles/CodeSystem/IMMZ.D1.DE1,0.1.0,draft,,IMMZ_D1,IMMZ.D1.DE1 CodeSystem for Immunization status,"CodeSystem for IMMZ.D1.DE1 Immunization status",
http://moh.zambia/ig/smart-immunizations-measles/CodeSystem/IMMZ.D1.DE5,0.1.0,draft,,IMMZ_D1,IMMZ.D1.DE5 CodeSystem for Reason Not Done,"CodeSystem for IMMZ.D1.DE5 Reason Not Done",
http://moh.zambia/ig/smart-immunizations-measles/CodeSystem/IMMZ.D4,0.1.0,draft,,IMMZ_D4,IMMZ.D4 CodeSystem for Check Contraindications Data Elements,"CodeSystem for IMMZ.D4 Check Contraindications Data Elements",
http://moh.zambia/ig/smart-immunizations-measles/CodeSystem/VaccineProducts,0.1.0,draft,,VaccineProducts,Vaccine Product codes CodeSet,"Vaccine Product codes, containing the different available products.",
