<?xml version="1.0" encoding="UTF-8"?><StructureMap xmlns="http://hl7.org/fhir"><id value="IMMZCQRToLM"/><text><status value="generated"/><div xmlns="http://www.w3.org/1999/xhtml"><pre class="fml">
<b>map</b><span style="color: navy"> &quot;</span>http://moh.zambia/ig/smart-immunizations-measles/StructureMap/IMMZCQRToLM<span style="color: navy">&quot; = &quot;</span>IMMZCQRToLM<span style="color: navy">&quot;

</span><b>uses</b><span style="color: navy"> &quot;</span><a href="http://hl7.org/fhir/R4/questionnaireresponse.html" title="QuestionnaireResponse">http://hl7.org/fhir/StructureDefinition/QuestionnaireResponse</a><span style="color: navy">&quot; </span><b>alias </b>QResp <b>as </b><b>source</b>
<b>uses</b><span style="color: navy"> &quot;</span><a href="StructureDefinition-IMMZCRegisterClient.html" title="IMMZ.C Register Client">http://moh.zambia/ig/smart-immunizations-measles/StructureDefinition/IMMZCRegisterClient</a><span style="color: navy">&quot; </span><b>alias </b>IMMZC <b>as </b><b>target</b>

<b>group </b>QRespToIMMZC<span style="color: navy">(</span><b>source</b> <span style="color: maroon">qr</span><span style="color: navy"> : </span>QResp, <b>target</b> <span style="color: maroon">immzc</span><span style="color: navy"> : </span>IMMZC<span style="color: navy">)</span><span style="color: navy"> {
</span>  qr.item<b> as </b><span style="color: maroon">item</span><b> then</b><span style="color: navy"> {
</span>    item.answer first<b> as </b><span style="color: maroon">answer</span><b> where </b>item.linkId = 'uniqueId'<b> then</b><span style="color: navy"> {
</span>      answer.value<b> as </b><span style="color: maroon">content</span><span style="color: navy"><b> -&gt; </b></span>immzc.uniqueId = <span style="color: maroon">content</span> <i>&quot;SetIdentifier&quot;</i><span style="color: navy">;</span>
    <span style="color: navy">}</span> <i>&quot;FirstAnswerForIdentifier&quot;</i><span style="color: navy">;</span>
    <span style="color: navy">// </span><span style="color: green">item as pName where item.linkId = 'name' then FullNameToIMMZC( pName, immzc ) &quot;SetFullNames&quot;;</span>
    item.answer first<b> as </b><span style="color: maroon">answer</span><b> where </b>item.linkId = 'firstName'<b> then</b><span style="color: navy"> {
</span>      answer.value<b> as </b><span style="color: maroon">content</span><span style="color: navy"><b> -&gt; </b></span>immzc.firstName = <span style="color: maroon">content</span> <i>&quot;SetFirstName&quot;</i><span style="color: navy">;</span>
    <span style="color: navy">}</span> <i>&quot;FirstAnswerForFirstName&quot;</i><span style="color: navy">;</span>
    item.answer first<b> as </b><span style="color: maroon">answer</span><b> where </b>item.linkId = 'surname'<b> then</b><span style="color: navy"> {
</span>      answer.value<b> as </b><span style="color: maroon">content</span><span style="color: navy"><b> -&gt; </b></span>immzc.surname = <span style="color: maroon">content</span> <i>&quot;SetSurname&quot;</i><span style="color: navy">;</span>
    <span style="color: navy">}</span> <i>&quot;FirstAnswerForSurname&quot;</i><span style="color: navy">;</span>
    item.answer first<b> as </b><span style="color: maroon">answer</span><b> where </b>item.linkId = 'sex'<b> then</b><span style="color: navy"> {
</span>      answer.value<b> as </b><span style="color: maroon">coding</span><b> then</b><span style="color: navy"> {
</span>        coding.code<b> as </b><span style="color: maroon">content</span><span style="color: navy"><b> -&gt; </b></span>immzc.sex = <span style="color: maroon">content</span> <i>&quot;SetSex&quot;</i><span style="color: navy">;</span>
      <span style="color: navy">}</span> <i>&quot;ProcessCoding&quot;</i><span style="color: navy">;</span>
    <span style="color: navy">}</span> <i>&quot;FirstAnswerForIdentifier&quot;</i><span style="color: navy">;</span>
    item.answer first<b> as </b><span style="color: maroon">answer</span><b> where </b>item.linkId = 'address'<b> then</b><span style="color: navy"> {
</span>      answer.value<b> as </b><span style="color: maroon">content</span><span style="color: navy"><b> -&gt; </b></span>immzc.address = <span style="color: maroon">content</span> <i>&quot;SetAddress&quot;</i><span style="color: navy">;</span>
    <span style="color: navy">}</span> <i>&quot;FirstAnswerForAddress&quot;</i><span style="color: navy">;</span>
    item.answer first<b> as </b><span style="color: maroon">answer</span><b> where </b>item.linkId = 'birthDate'<b> then</b><span style="color: navy"> {
</span>      answer.value<b> as </b><span style="color: maroon">content</span><span style="color: navy"><b> -&gt; </b></span>immzc.birthDate = <span style="color: maroon">content</span> <i>&quot;SetBirthDate&quot;</i><span style="color: navy">;</span>
    <span style="color: navy">}</span> <i>&quot;FirstAnswerForBirthDate&quot;</i><span style="color: navy">;</span>
    item.answer<b> as </b><span style="color: maroon">caregiver</span><b> where </b>item.linkId = 'caregiver'<span style="color: navy"><b> -&gt; </b></span>immzc.caregiver<b> as </b><span style="color: maroon">caretgt</span><b> then </b>FullNameToIMMZC<span style="color: navy">(</span><span style="color: maroon">caregiver</span><span style="color: navy">, </span><span style="color: maroon">caretgt</span><span style="color: navy">)</span> <i>&quot;SetCaregiver&quot;</i><span style="color: navy">;</span>
    item.answer first<b> as </b><span style="color: maroon">answer</span><b> where </b>item.linkId = 'phone'<b> then</b><span style="color: navy"> {
</span>      answer.value<b> as </b><span style="color: maroon">content</span><span style="color: navy"><b> -&gt; </b></span>immzc.phone = <span style="color: maroon">content</span> <i>&quot;SetPhone&quot;</i><span style="color: navy">;</span>
    <span style="color: navy">}</span> <i>&quot;FirstAnswerForPhone&quot;</i><span style="color: navy">;</span>
  <span style="color: navy">}</span> <i>&quot;processItems&quot;</i><span style="color: navy">;</span>
<span style="color: navy">}

</span><b>group </b>FullNameToIMMZC<span style="color: navy">(</span><b>source</b> <span style="color: maroon">name</span>, <b>target</b> <span style="color: maroon">immzc</span><span style="color: navy">)</span><span style="color: navy"> {
</span>  name.item<b> as </b><span style="color: maroon">item</span><b> then</b><span style="color: navy"> {
</span>    item.answer first<b> as </b><span style="color: maroon">answer</span><b> where </b>item.linkId = 'firstName'<b> then</b><span style="color: navy"> {
</span>      answer.value<b> as </b><span style="color: maroon">firstName</span><span style="color: navy"><b> -&gt; </b></span><span style="color: maroon">firstName</span><b> then</b><span style="color: navy"> {
</span>        item.answer first<b> as </b><span style="color: maroon">answer2</span><b> where </b>item.linkId = 'surname'<b> then</b><span style="color: navy"> {
</span>          answer2.value<b> as </b><span style="color: maroon">surname</span><span style="color: navy"><b> -&gt; </b></span>immzc.name = <b>append</b><span style="color: navy">(</span><span style="color: maroon">firstName</span><span style="color: navy">, </span><span style="color: blue">' '</span><span style="color: navy">, </span><span style="color: maroon">surname</span><span style="color: navy">)</span> <i>&quot;SetName&quot;</i><span style="color: navy">;</span>
        <span style="color: navy">}</span> <i>&quot;set&quot;</i><span style="color: navy">;</span>
      <span style="color: navy">}</span> <i>&quot;set&quot;</i><span style="color: navy">;</span>
    <span style="color: navy">}</span> <i>&quot;FirstAnswerForFullName&quot;</i><span style="color: navy">;</span>
  <span style="color: navy">}</span> <i>&quot;processNameItems&quot;</i><span style="color: navy">;</span>
<span style="color: navy">}

</span></pre></div></text><url value="http://moh.zambia/ig/smart-immunizations-measles/StructureMap/IMMZCQRToLM"/><version value="0.1.0"/><name value="IMMZCQRToLM"/><status value="draft"/><date value="2023-10-26T12:02:25+00:00"/><publisher value="Zambia"/><contact><name value="Zambia"/><telecom><system value="url"/><value value="https://www.moh.gov.zm/"/></telecom><telecom><system value="email"/><value value="muliokelar@who.int"/></telecom></contact><structure><url value="http://hl7.org/fhir/StructureDefinition/QuestionnaireResponse"/><mode value="source"/><alias value="QResp"/></structure><structure><url value="http://moh.zambia/ig/smart-immunizations-measles/StructureDefinition/IMMZCRegisterClient"/><mode value="target"/><alias value="IMMZC"/></structure><group><name value="QRespToIMMZC"/><typeMode value="none"/><input><name value="qr"/><type value="QResp"/><mode value="source"/></input><input><name value="immzc"/><type value="IMMZC"/><mode value="target"/></input><rule><name value="processItems"/><source><context value="qr"/><element value="item"/><variable value="item"/></source><rule><name value="FirstAnswerForIdentifier"/><source><context value="item"/><element value="answer"/><listMode value="first"/><variable value="answer"/><condition value="item.linkId = 'uniqueId'"/></source><rule><name value="SetIdentifier"/><source><context value="answer"/><element value="value"/><variable value="content"/></source><target><context value="immzc"/><contextType value="variable"/><element value="uniqueId"/><transform value="copy"/><parameter><valueId value="content"/></parameter></target></rule></rule><rule><name value="FirstAnswerForFirstName"/><source><context value="item"/><element value="answer"/><listMode value="first"/><variable value="answer"/><condition value="item.linkId = 'firstName'"/></source><rule><name value="SetFirstName"/><source><context value="answer"/><element value="value"/><variable value="content"/></source><target><context value="immzc"/><contextType value="variable"/><element value="firstName"/><transform value="copy"/><parameter><valueId value="content"/></parameter></target></rule></rule><rule><name value="FirstAnswerForSurname"/><source><context value="item"/><element value="answer"/><listMode value="first"/><variable value="answer"/><condition value="item.linkId = 'surname'"/></source><rule><name value="SetSurname"/><source><context value="answer"/><element value="value"/><variable value="content"/></source><target><context value="immzc"/><contextType value="variable"/><element value="surname"/><transform value="copy"/><parameter><valueId value="content"/></parameter></target></rule></rule><rule><name value="FirstAnswerForIdentifier"/><source><context value="item"/><element value="answer"/><listMode value="first"/><variable value="answer"/><condition value="item.linkId = 'sex'"/></source><rule><name value="ProcessCoding"/><source><context value="answer"/><element value="value"/><variable value="coding"/></source><rule><name value="SetSex"/><source><context value="coding"/><element value="code"/><variable value="content"/></source><target><context value="immzc"/><contextType value="variable"/><element value="sex"/><transform value="copy"/><parameter><valueId value="content"/></parameter></target></rule></rule></rule><rule><name value="FirstAnswerForAddress"/><source><context value="item"/><element value="answer"/><listMode value="first"/><variable value="answer"/><condition value="item.linkId = 'address'"/></source><rule><name value="SetAddress"/><source><context value="answer"/><element value="value"/><variable value="content"/></source><target><context value="immzc"/><contextType value="variable"/><element value="address"/><transform value="copy"/><parameter><valueId value="content"/></parameter></target></rule></rule><rule><name value="FirstAnswerForBirthDate"/><source><context value="item"/><element value="answer"/><listMode value="first"/><variable value="answer"/><condition value="item.linkId = 'birthDate'"/></source><rule><name value="SetBirthDate"/><source><context value="answer"/><element value="value"/><variable value="content"/></source><target><context value="immzc"/><contextType value="variable"/><element value="birthDate"/><transform value="copy"/><parameter><valueId value="content"/></parameter></target></rule></rule><rule><name value="SetCaregiver"/><source><context value="item"/><element value="answer"/><variable value="caregiver"/><condition value="item.linkId = 'caregiver'"/></source><target><context value="immzc"/><contextType value="variable"/><element value="caregiver"/><variable value="caretgt"/></target><dependent><name value="FullNameToIMMZC"/><variable value="caregiver"/><variable value="caretgt"/></dependent></rule><rule><name value="FirstAnswerForPhone"/><source><context value="item"/><element value="answer"/><listMode value="first"/><variable value="answer"/><condition value="item.linkId = 'phone'"/></source><rule><name value="SetPhone"/><source><context value="answer"/><element value="value"/><variable value="content"/></source><target><context value="immzc"/><contextType value="variable"/><element value="phone"/><transform value="copy"/><parameter><valueId value="content"/></parameter></target></rule></rule></rule></group><group><name value="FullNameToIMMZC"/><typeMode value="none"/><input><name value="name"/><mode value="source"/></input><input><name value="immzc"/><mode value="target"/></input><rule><name value="processNameItems"/><source><context value="name"/><element value="item"/><variable value="item"/></source><rule><name value="FirstAnswerForFullName"/><source><context value="item"/><element value="answer"/><listMode value="first"/><variable value="answer"/><condition value="item.linkId = 'firstName'"/></source><rule><name value="set"/><source><context value="answer"/><element value="value"/><variable value="firstName"/></source><target><contextType value="variable"/><transform value="copy"/><parameter><valueId value="firstName"/></parameter></target><rule><name value="set"/><source><context value="item"/><element value="answer"/><listMode value="first"/><variable value="answer2"/><condition value="item.linkId = 'surname'"/></source><rule><name value="SetName"/><source><context value="answer2"/><element value="value"/><variable value="surname"/></source><target><context value="immzc"/><contextType value="variable"/><element value="name"/><transform value="append"/><parameter><valueId value="firstName"/></parameter><parameter/><parameter><valueId value="surname"/></parameter></target></rule></rule></rule></rule></rule></group></StructureMap>