[
  {
    "id" : "IMMZIND05",
    "type" : "Measure",
    "url" : "http://fhir.org/guides/who/smart-immunization/Measure/IMMZIND05",
    "version" : "0.1.0",
    "name" : "IMMZIND05"
  },
  {
    "id" : "IMMZIND40",
    "type" : "Measure",
    "url" : "http://fhir.org/guides/who/smart-immunization/Measure/IMMZIND40",
    "version" : "0.1.0",
    "name" : "IMMZIND40"
  },
  {
    "id" : "ICD11",
    "type" : "CodeSystem",
    "url" : "http://id.who.int/icd11/mms",
    "version" : "0.1.0",
    "name" : "ICD11"
  },
  {
    "id" : "IMMZD2DTMeaslesCIMR",
    "type" : "ActivityDefinition",
    "url" : "http://smart.who.int/ig/smart-immunizations-measles/ActivityDefinition/IMMZD2DTMeaslesCIMR",
    "version" : "0.1.0",
    "name" : "IMMZD2DTMeaslesContraindication"
  },
  {
    "id" : "IMMZD2DTMeaslesEval",
    "type" : "ActivityDefinition",
    "url" : "http://smart.who.int/ig/smart-immunizations-measles/ActivityDefinition/IMMZD2DTMeaslesEval",
    "version" : "0.1.0",
    "name" : "IMMZD2DTMeaslesContraindicationEvaluation"
  },
  {
    "id" : "IMMZD2DTMeaslesMR",
    "type" : "ActivityDefinition",
    "url" : "http://smart.who.int/ig/smart-immunizations-measles/ActivityDefinition/IMMZD2DTMeaslesMR",
    "version" : "0.1.0",
    "name" : "IMMZD2DTMeaslesMedicationRequest"
  },
  {
    "id" : "CommunityHealthWorker",
    "type" : "ActorDefinition",
    "url" : "http://smart.who.int/ig/smart-immunizations-measles/ActorDefinition/CommunityHealthWorker",
    "version" : "0.1.0",
    "name" : "Community Health Worker"
  },
  {
    "id" : "EPIManager",
    "type" : "ActorDefinition",
    "url" : "http://smart.who.int/ig/smart-immunizations-measles/ActorDefinition/EPIManager",
    "version" : "0.1.0",
    "name" : "Expanded Programme on Immunization (EPI) Manager"
  },
  {
    "id" : "HealthWorker",
    "type" : "ActorDefinition",
    "url" : "http://smart.who.int/ig/smart-immunizations-measles/ActorDefinition/HealthWorker",
    "version" : "0.1.0",
    "name" : "HealthcareWorker"
  },
  {
    "id" : "IMMZ-C",
    "type" : "CodeSystem",
    "url" : "http://smart.who.int/ig/smart-immunizations-measles/CodeSystem/IMMZ-C",
    "version" : "0.1.0",
    "name" : "IMMZ_C"
  },
  {
    "id" : "IMMZ-D1",
    "type" : "CodeSystem",
    "url" : "http://smart.who.int/ig/smart-immunizations-measles/CodeSystem/IMMZ-D1",
    "version" : "0.1.0",
    "name" : "IMMZ_D1"
  },
  {
    "id" : "IMMZ.D4",
    "type" : "CodeSystem",
    "url" : "http://smart.who.int/ig/smart-immunizations-measles/CodeSystem/IMMZ.D4",
    "version" : "0.1.0",
    "name" : "IMMZ_D4"
  },
  {
    "id" : "VaccineProducts",
    "type" : "CodeSystem",
    "url" : "http://smart.who.int/ig/smart-immunizations-measles/CodeSystem/VaccineProducts",
    "version" : "0.1.0",
    "name" : "VaccineProducts"
  },
  {
    "id" : "IMMZ-D1.ConceptMap",
    "type" : "ConceptMap",
    "url" : "http://smart.who.int/ig/smart-immunizations-measles/ConceptMap/IMMZ-D1.ConceptMap",
    "version" : "0.1.0",
    "name" : "IMMZ_D1_ConceptMap"
  },
  {
    "id" : "IMMZ.C.ConceptMap",
    "type" : "ConceptMap",
    "url" : "http://smart.who.int/ig/smart-immunizations-measles/ConceptMap/IMMZ.C.ConceptMap",
    "version" : "0.1.0",
    "name" : "IMMZ_C_ConceptMap"
  },
  {
    "id" : "IMMZ.D4.ConceptMap",
    "type" : "ConceptMap",
    "url" : "http://smart.who.int/ig/smart-immunizations-measles/ConceptMap/IMMZ.D4.ConceptMap",
    "version" : "0.1.0",
    "name" : "IMMZ_D4_ConceptMap"
  },
  {
    "id" : "IMMZCSexToAdministrativeGender",
    "type" : "ConceptMap",
    "url" : "http://smart.who.int/ig/smart-immunizations-measles/ConceptMap/IMMZCSexToAdministrativeGender",
    "version" : "0.1.0",
    "name" : "IMMZCSexToAdministrativeGender"
  },
  {
    "id" : "who.fhir.smart-immunizations-measles",
    "type" : "ImplementationGuide",
    "url" : "http://smart.who.int/ig/smart-immunizations-measles/ImplementationGuide/who.fhir.smart-immunizations-measles",
    "version" : "0.1.0",
    "name" : "SMART"
  },
  {
    "id" : "IMMZD2DTMeasles",
    "type" : "PlanDefinition",
    "url" : "http://smart.who.int/ig/smart-immunizations-measles/PlanDefinition/IMMZD2DTMeasles",
    "version" : "0.1.0",
    "name" : "IMMZD2DTMeasles"
  },
  {
    "id" : "IMMZD2DTMeaslesCI",
    "type" : "PlanDefinition",
    "url" : "http://smart.who.int/ig/smart-immunizations-measles/PlanDefinition/IMMZD2DTMeaslesCI",
    "version" : "0.1.0",
    "name" : "IMMZD2DTMeaslesContraindication"
  },
  {
    "id" : "IMMZDTUmbrella",
    "type" : "PlanDefinition",
    "url" : "http://smart.who.int/ig/smart-immunizations-measles/PlanDefinition/IMMZDTUmbrella",
    "version" : "0.1.0",
    "name" : "IMMZDTUmbrella"
  },
  {
    "id" : "Questionnaire-IMMZCRegisterClient",
    "type" : "Questionnaire",
    "url" : "http://smart.who.int/ig/smart-immunizations-measles/Questionnaire/Questionnaire-IMMZCRegisterClient",
    "version" : "0.1.0",
    "name" : "ClientRegistrationQuestionnaire"
  },
  {
    "id" : "Questionnaire-IMMZD1ClientHistory",
    "type" : "Questionnaire",
    "url" : "http://smart.who.int/ig/smart-immunizations-measles/Questionnaire/Questionnaire-IMMZD1ClientHistory",
    "version" : "0.1.0"
  },
  {
    "id" : "Questionnaire-IMMZD4CheckContraindications",
    "type" : "Questionnaire",
    "url" : "http://smart.who.int/ig/smart-immunizations-measles/Questionnaire/Questionnaire-IMMZD4CheckContraindications",
    "version" : "0.1.0"
  },
  {
    "id" : "immz-e-fxnreq",
    "type" : "Requirements",
    "url" : "http://smart.who.int/ig/smart-immunizations-measles/Requirements/immz-e-fxnreq",
    "version" : "0.1.0"
  },
  {
    "id" : "IMMZCRegisterClient",
    "type" : "StructureDefinition",
    "url" : "http://smart.who.int/ig/smart-immunizations-measles/StructureDefinition/IMMZCRegisterClient",
    "version" : "0.1.0",
    "name" : "IMMZCRegisterClient"
  },
  {
    "id" : "IMMZD1clienthistorymeasles",
    "type" : "StructureDefinition",
    "url" : "http://smart.who.int/ig/smart-immunizations-measles/StructureDefinition/IMMZD1clienthistorymeasles",
    "version" : "0.1.0",
    "name" : "ClientHistoryMeasles"
  },
  {
    "id" : "IMMZD4CheckContraindications",
    "type" : "StructureDefinition",
    "url" : "http://smart.who.int/ig/smart-immunizations-measles/StructureDefinition/IMMZD4CheckContraindications",
    "version" : "0.1.0",
    "name" : "IMMZ_D4_Check_Contraindications_Measles"
  },
  {
    "id" : "SGImmunization",
    "type" : "StructureDefinition",
    "url" : "http://smart.who.int/ig/smart-immunizations-measles/StructureDefinition/SGImmunization",
    "version" : "0.1.0",
    "name" : "SGImmunization"
  },
  {
    "id" : "SGMedicationClassification",
    "type" : "StructureDefinition",
    "url" : "http://smart.who.int/ig/smart-immunizations-measles/StructureDefinition/SGMedicationClassification",
    "version" : "0.1.0",
    "name" : "SGMedicationClassification"
  },
  {
    "id" : "SGVaccineProduct",
    "type" : "StructureDefinition",
    "url" : "http://smart.who.int/ig/smart-immunizations-measles/StructureDefinition/SGVaccineProduct",
    "version" : "0.1.0",
    "name" : "SGVaccineProduct"
  },
  {
    "id" : "SGVaccineProposal",
    "type" : "StructureDefinition",
    "url" : "http://smart.who.int/ig/smart-immunizations-measles/StructureDefinition/SGVaccineProposal",
    "version" : "0.1.0",
    "name" : "SGVaccineProposal"
  },
  {
    "id" : "SGVaccineRequest",
    "type" : "StructureDefinition",
    "url" : "http://smart.who.int/ig/smart-immunizations-measles/StructureDefinition/SGVaccineRequest",
    "version" : "0.1.0",
    "name" : "SGVaccineRequest"
  },
  {
    "id" : "sg-ext-administeredProduct",
    "type" : "StructureDefinition",
    "url" : "http://smart.who.int/ig/smart-immunizations-measles/StructureDefinition/sg-ext-administeredProduct",
    "version" : "0.1.0",
    "name" : "SGIMMAdministeredProduct"
  },
  {
    "id" : "IMMZCLMToPatient",
    "type" : "StructureMap",
    "url" : "http://smart.who.int/ig/smart-immunizations-measles/StructureMap/IMMZCLMToPatient",
    "version" : "0.1.0",
    "name" : "IMMZCLMToPatient"
  },
  {
    "id" : "IMMZCQRToLM",
    "type" : "StructureMap",
    "url" : "http://smart.who.int/ig/smart-immunizations-measles/StructureMap/IMMZCQRToLM",
    "version" : "0.1.0",
    "name" : "IMMZCQRToLM"
  },
  {
    "id" : "IMMZCQRToPatient",
    "type" : "StructureMap",
    "url" : "http://smart.who.int/ig/smart-immunizations-measles/StructureMap/IMMZCQRToPatient",
    "version" : "0.1.0",
    "name" : "IMMZCQRToPatient"
  },
  {
    "id" : "IMMZD4LMToResources",
    "type" : "StructureMap",
    "url" : "http://smart.who.int/ig/smart-immunizations-measles/StructureMap/IMMZD4LMToResources",
    "version" : "0.1.0",
    "name" : "IMMZD4LMToResources"
  },
  {
    "id" : "IMMZD4QRToLM",
    "type" : "StructureMap",
    "url" : "http://smart.who.int/ig/smart-immunizations-measles/StructureMap/IMMZD4QRToLM",
    "version" : "0.1.0",
    "name" : "IMMZD4QRToLM"
  },
  {
    "id" : "IMMZD4QRToResources",
    "type" : "StructureMap",
    "url" : "http://smart.who.int/ig/smart-immunizations-measles/StructureMap/IMMZD4QRToResources",
    "version" : "0.1.0",
    "name" : "IMMZD4QRToResources"
  },
  {
    "id" : "IMMZ-C-DE5",
    "type" : "ValueSet",
    "url" : "http://smart.who.int/ig/smart-immunizations-measles/ValueSet/IMMZ-C-DE5",
    "version" : "0.1.0",
    "name" : "IMMZ_C_DE5"
  },
  {
    "id" : "IMMZ-D1.DE10",
    "type" : "ValueSet",
    "url" : "http://smart.who.int/ig/smart-immunizations-measles/ValueSet/IMMZ-D1.DE10",
    "version" : "0.1.0",
    "name" : "IMMZ_D1_DE10"
  },
  {
    "id" : "IMMZ-D1.DE35",
    "type" : "ValueSet",
    "url" : "http://smart.who.int/ig/smart-immunizations-measles/ValueSet/IMMZ-D1.DE35",
    "version" : "0.1.0",
    "name" : "IMMZ_D1_DE35"
  },
  {
    "id" : "IMMZ-D1.DE52",
    "type" : "ValueSet",
    "url" : "http://smart.who.int/ig/smart-immunizations-measles/ValueSet/IMMZ-D1.DE52",
    "version" : "0.1.0",
    "name" : "IMMZ_D1_DE52"
  },
  {
    "id" : "IMMZ-D1.DE56",
    "type" : "ValueSet",
    "url" : "http://smart.who.int/ig/smart-immunizations-measles/ValueSet/IMMZ-D1.DE56",
    "version" : "0.1.0",
    "name" : "IMMZ_D1_DE56"
  },
  {
    "id" : "IMMZ-D1.DE61",
    "type" : "ValueSet",
    "url" : "http://smart.who.int/ig/smart-immunizations-measles/ValueSet/IMMZ-D1.DE61",
    "version" : "0.1.0",
    "name" : "IMMZ_D1_DE61"
  },
  {
    "id" : "IMMZ-D1.DE65",
    "type" : "ValueSet",
    "url" : "http://smart.who.int/ig/smart-immunizations-measles/ValueSet/IMMZ-D1.DE65",
    "version" : "0.1.0",
    "name" : "IMMZ_D1_DE65"
  },
  {
    "id" : "IMMZ-D1.DE68",
    "type" : "ValueSet",
    "url" : "http://smart.who.int/ig/smart-immunizations-measles/ValueSet/IMMZ-D1.DE68",
    "version" : "0.1.0",
    "name" : "IMMZ_D1_DE68"
  },
  {
    "id" : "IMMZ-D1.DE73",
    "type" : "ValueSet",
    "url" : "http://smart.who.int/ig/smart-immunizations-measles/ValueSet/IMMZ-D1.DE73",
    "version" : "0.1.0",
    "name" : "IMMZ_D1_DE73"
  },
  {
    "id" : "IMMZ-D1.DE84",
    "type" : "ValueSet",
    "url" : "http://smart.who.int/ig/smart-immunizations-measles/ValueSet/IMMZ-D1.DE84",
    "version" : "0.1.0",
    "name" : "IMMZ_D1_DE84"
  },
  {
    "id" : "IMMZ-D1.DE87",
    "type" : "ValueSet",
    "url" : "http://smart.who.int/ig/smart-immunizations-measles/ValueSet/IMMZ-D1.DE87",
    "version" : "0.1.0",
    "name" : "IMMZ_D1_DE87"
  },
  {
    "id" : "IMMZ.D4.DE161",
    "type" : "ValueSet",
    "url" : "http://smart.who.int/ig/smart-immunizations-measles/ValueSet/IMMZ.D4.DE161",
    "version" : "0.1.0",
    "name" : "IMMZ_D4_DE161"
  },
  {
    "id" : "VSMeaslesVaccineProducts",
    "type" : "ValueSet",
    "url" : "http://smart.who.int/ig/smart-immunizations-measles/ValueSet/VSMeaslesVaccineProducts",
    "version" : "0.1.0",
    "name" : "VSMeaslesVaccineProducts"
  },
  {
    "id" : "VaccineTypes",
    "type" : "ValueSet",
    "url" : "http://smart.who.int/ig/smart-immunizations-measles/ValueSet/VaccineTypes",
    "version" : "0.1.0",
    "name" : "VaccineTypes"
  }
]
