{
  "resourceType" : "ValueSet",
  "id" : "IMMZ-D1.DE61",
  "text" : {
    "status" : "extensions",
    "div" : "<div xmlns=\"http://www.w3.org/1999/xhtml\"><ul><li>Include these codes as defined in <a href=\"CodeSystem-IMMZ-D1.html\"><code>http://smart.who.int/ig/smart-immunizations-measles/CodeSystem/IMMZ-D1</code></a><table class=\"none\"><tr><td style=\"white-space:nowrap\"><b>Code</b></td><td><b>Display</b></td><td><b>Definition</b></td></tr><tr><td><a href=\"CodeSystem-IMMZ-D1.html#IMMZ-D1-DE62\">DE62</a></td><td>Typbar-TCV</td><td>Typbar-TCV vaccine</td></tr><tr><td><a href=\"CodeSystem-IMMZ-D1.html#IMMZ-D1-DE63\">DE63</a></td><td>ViPS</td><td>Vi polysaccharide (ViPS) vaccine</td></tr><tr><td><a href=\"CodeSystem-IMMZ-D1.html#IMMZ-D1-DE64\">DE64</a></td><td>Ty21a</td><td>Ty21a vaccine</td></tr></table></li></ul></div>"
  },
  "url" : "http://smart.who.int/ig/smart-immunizations-measles/ValueSet/IMMZ-D1.DE61",
  "version" : "0.1.0",
  "name" : "IMMZ_D1_DE61",
  "title" : "IMMZ-D1.DE61 ValueSet for Type of last typhoid dose",
  "status" : "active",
  "experimental" : false,
  "date" : "2023-10-18T20:43:12+00:00",
  "publisher" : "WHO",
  "contact" : [{
    "name" : "WHO",
    "telecom" : [{
      "system" : "url",
      "value" : "http://who.int"
    }]
  }],
  "description" : "ValueSet for Type of last typhoid dose for IMMZ-D1.DE61.",
  "compose" : {
    "include" : [{
      "system" : "http://smart.who.int/ig/smart-immunizations-measles/CodeSystem/IMMZ-D1",
      "concept" : [{
        "code" : "DE62",
        "display" : "Typbar-TCV"
      },
      {
        "code" : "DE63",
        "display" : "ViPS"
      },
      {
        "code" : "DE64",
        "display" : "Ty21a"
      }]
    }]
  }
}