{"resourceType":"PlanDefinition","id":"IMMZD2DTMeasles","meta":{"profile":["http://hl7.org/fhir/uv/cpg/StructureDefinition/cpg-recommendationdefinition"]},"extension":[{"url":"http://hl7.org/fhir/uv/cpg/StructureDefinition/cpg-knowledgeCapability","valueCode":"computable"}],"url":"http://moh.zambia/ig/smart-immunizations-measles/PlanDefinition/IMMZD2DTMeasles","version":"0.1.0","name":"IMMZD2DTMeasles","title":"IMMZ.D2.DT.Measles","type":{"coding":[{"system":"http://terminology.hl7.org/CodeSystem/plan-definition-type","code":"eca-rule"}]},"status":"draft","experimental":false,"date":"2023-10-26T12:02:25+00:00","publisher":"Zambia","contact":[{"name":"Zambia","telecom":[{"system":"url","value":"https://www.moh.gov.zm/"},{"system":"email","value":"muliokelar@who.int"}]}],"description":"If the child or patient has not been given MCV1 (at 9 months) and MCV2 (between 15-18 months) vaccination","library":["http://smart.who.int/ig/smart-immunizations-measles/Library/IMMZD2DTMeasles"],"action":[{"title":"Immunize patient for Measles","description":"Provide measles immunization","condition":[{"kind":"applicability","expression":{"description":"Provision of the MCV dose","language":"text/cql-identifier","expression":"Provision of the MCV dose"}}],"definitionCanonical":"http://moh.zambia/ig/smart-immunizations-measles/ActivityDefinition/IMMZD2DTMeaslesMR"}]}