{"resourceType":"StructureMap","id":"IMMZCQRToLM","text":{"status":"generated","div":"<div xmlns=\"http://www.w3.org/1999/xhtml\"><pre class=\"fml\">\r\n<b>map</b><span style=\"color: navy\"> &quot;</span>http://moh.zambia/ig/smart-immunizations-measles/StructureMap/IMMZCQRToLM<span style=\"color: navy\">&quot; = &quot;</span>IMMZCQRToLM<span style=\"color: navy\">&quot;\r\n\r\n</span><b>uses</b><span style=\"color: navy\"> &quot;</span><a href=\"http://hl7.org/fhir/R4/questionnaireresponse.html\" title=\"QuestionnaireResponse\">http://hl7.org/fhir/StructureDefinition/QuestionnaireResponse</a><span style=\"color: navy\">&quot; </span><b>alias </b>QResp <b>as </b><b>source</b>\r\n<b>uses</b><span style=\"color: navy\"> &quot;</span><a href=\"StructureDefinition-IMMZCRegisterClient.html\" title=\"IMMZ.C Register Client\">http://moh.zambia/ig/smart-immunizations-measles/StructureDefinition/IMMZCRegisterClient</a><span style=\"color: navy\">&quot; </span><b>alias </b>IMMZC <b>as </b><b>target</b>\r\n\r\n<b>group </b>QRespToIMMZC<span style=\"color: navy\">(</span><b>source</b> <span style=\"color: maroon\">qr</span><span style=\"color: navy\"> : </span>QResp, <b>target</b> <span style=\"color: maroon\">immzc</span><span style=\"color: navy\"> : </span>IMMZC<span style=\"color: navy\">)</span><span style=\"color: navy\"> {\r\n</span>  qr.item<b> as </b><span style=\"color: maroon\">item</span><b> then</b><span style=\"color: navy\"> {\r\n</span>    item.answer first<b> as </b><span style=\"color: maroon\">answer</span><b> where </b>item.linkId = 'uniqueId'<b> then</b><span style=\"color: navy\"> {\r\n</span>      answer.value<b> as </b><span style=\"color: maroon\">content</span><span style=\"color: navy\"><b> -&gt; </b></span>immzc.uniqueId = <span style=\"color: maroon\">content</span> <i>&quot;SetIdentifier&quot;</i><span style=\"color: navy\">;</span>\r\n    <span style=\"color: navy\">}</span> <i>&quot;FirstAnswerForIdentifier&quot;</i><span style=\"color: navy\">;</span>\r\n    <span style=\"color: navy\">// </span><span style=\"color: green\">item as pName where item.linkId = 'name' then FullNameToIMMZC( pName, immzc ) &quot;SetFullNames&quot;;</span>\r\n    item.answer first<b> as </b><span style=\"color: maroon\">answer</span><b> where </b>item.linkId = 'firstName'<b> then</b><span style=\"color: navy\"> {\r\n</span>      answer.value<b> as </b><span style=\"color: maroon\">content</span><span style=\"color: navy\"><b> -&gt; </b></span>immzc.firstName = <span style=\"color: maroon\">content</span> <i>&quot;SetFirstName&quot;</i><span style=\"color: navy\">;</span>\r\n    <span style=\"color: navy\">}</span> <i>&quot;FirstAnswerForFirstName&quot;</i><span style=\"color: navy\">;</span>\r\n    item.answer first<b> as </b><span style=\"color: maroon\">answer</span><b> where </b>item.linkId = 'surname'<b> then</b><span style=\"color: navy\"> {\r\n</span>      answer.value<b> as </b><span style=\"color: maroon\">content</span><span style=\"color: navy\"><b> -&gt; </b></span>immzc.surname = <span style=\"color: maroon\">content</span> <i>&quot;SetSurname&quot;</i><span style=\"color: navy\">;</span>\r\n    <span style=\"color: navy\">}</span> <i>&quot;FirstAnswerForSurname&quot;</i><span style=\"color: navy\">;</span>\r\n    item.answer first<b> as </b><span style=\"color: maroon\">answer</span><b> where </b>item.linkId = 'sex'<b> then</b><span style=\"color: navy\"> {\r\n</span>      answer.value<b> as </b><span style=\"color: maroon\">coding</span><b> then</b><span style=\"color: navy\"> {\r\n</span>        coding.code<b> as </b><span style=\"color: maroon\">content</span><span style=\"color: navy\"><b> -&gt; </b></span>immzc.sex = <span style=\"color: maroon\">content</span> <i>&quot;SetSex&quot;</i><span style=\"color: navy\">;</span>\r\n      <span style=\"color: navy\">}</span> <i>&quot;ProcessCoding&quot;</i><span style=\"color: navy\">;</span>\r\n    <span style=\"color: navy\">}</span> <i>&quot;FirstAnswerForIdentifier&quot;</i><span style=\"color: navy\">;</span>\r\n    item.answer first<b> as </b><span style=\"color: maroon\">answer</span><b> where </b>item.linkId = 'address'<b> then</b><span style=\"color: navy\"> {\r\n</span>      answer.value<b> as </b><span style=\"color: maroon\">content</span><span style=\"color: navy\"><b> -&gt; </b></span>immzc.address = <span style=\"color: maroon\">content</span> <i>&quot;SetAddress&quot;</i><span style=\"color: navy\">;</span>\r\n    <span style=\"color: navy\">}</span> <i>&quot;FirstAnswerForAddress&quot;</i><span style=\"color: navy\">;</span>\r\n    item.answer first<b> as </b><span style=\"color: maroon\">answer</span><b> where </b>item.linkId = 'birthDate'<b> then</b><span style=\"color: navy\"> {\r\n</span>      answer.value<b> as </b><span style=\"color: maroon\">content</span><span style=\"color: navy\"><b> -&gt; </b></span>immzc.birthDate = <span style=\"color: maroon\">content</span> <i>&quot;SetBirthDate&quot;</i><span style=\"color: navy\">;</span>\r\n    <span style=\"color: navy\">}</span> <i>&quot;FirstAnswerForBirthDate&quot;</i><span style=\"color: navy\">;</span>\r\n    item.answer<b> as </b><span style=\"color: maroon\">caregiver</span><b> where </b>item.linkId = 'caregiver'<span style=\"color: navy\"><b> -&gt; </b></span>immzc.caregiver<b> as </b><span style=\"color: maroon\">caretgt</span><b> then </b>FullNameToIMMZC<span style=\"color: navy\">(</span><span style=\"color: maroon\">caregiver</span><span style=\"color: navy\">, </span><span style=\"color: maroon\">caretgt</span><span style=\"color: navy\">)</span> <i>&quot;SetCaregiver&quot;</i><span style=\"color: navy\">;</span>\r\n    item.answer first<b> as </b><span style=\"color: maroon\">answer</span><b> where </b>item.linkId = 'phone'<b> then</b><span style=\"color: navy\"> {\r\n</span>      answer.value<b> as </b><span style=\"color: maroon\">content</span><span style=\"color: navy\"><b> -&gt; </b></span>immzc.phone = <span style=\"color: maroon\">content</span> <i>&quot;SetPhone&quot;</i><span style=\"color: navy\">;</span>\r\n    <span style=\"color: navy\">}</span> <i>&quot;FirstAnswerForPhone&quot;</i><span style=\"color: navy\">;</span>\r\n  <span style=\"color: navy\">}</span> <i>&quot;processItems&quot;</i><span style=\"color: navy\">;</span>\r\n<span style=\"color: navy\">}\r\n\r\n</span><b>group </b>FullNameToIMMZC<span style=\"color: navy\">(</span><b>source</b> <span style=\"color: maroon\">name</span>, <b>target</b> <span style=\"color: maroon\">immzc</span><span style=\"color: navy\">)</span><span style=\"color: navy\"> {\r\n</span>  name.item<b> as </b><span style=\"color: maroon\">item</span><b> then</b><span style=\"color: navy\"> {\r\n</span>    item.answer first<b> as </b><span style=\"color: maroon\">answer</span><b> where </b>item.linkId = 'firstName'<b> then</b><span style=\"color: navy\"> {\r\n</span>      answer.value<b> as </b><span style=\"color: maroon\">firstName</span><span style=\"color: navy\"><b> -&gt; </b></span><span style=\"color: maroon\">firstName</span><b> then</b><span style=\"color: navy\"> {\r\n</span>        item.answer first<b> as </b><span style=\"color: maroon\">answer2</span><b> where </b>item.linkId = 'surname'<b> then</b><span style=\"color: navy\"> {\r\n</span>          answer2.value<b> as </b><span style=\"color: maroon\">surname</span><span style=\"color: navy\"><b> -&gt; </b></span>immzc.name = <b>append</b><span style=\"color: navy\">(</span><span style=\"color: maroon\">firstName</span><span style=\"color: navy\">, </span><span style=\"color: blue\">' '</span><span style=\"color: navy\">, </span><span style=\"color: maroon\">surname</span><span style=\"color: navy\">)</span> <i>&quot;SetName&quot;</i><span style=\"color: navy\">;</span>\r\n        <span style=\"color: navy\">}</span> <i>&quot;set&quot;</i><span style=\"color: navy\">;</span>\r\n      <span style=\"color: navy\">}</span> <i>&quot;set&quot;</i><span style=\"color: navy\">;</span>\r\n    <span style=\"color: navy\">}</span> <i>&quot;FirstAnswerForFullName&quot;</i><span style=\"color: navy\">;</span>\r\n  <span style=\"color: navy\">}</span> <i>&quot;processNameItems&quot;</i><span style=\"color: navy\">;</span>\r\n<span style=\"color: navy\">}\r\n\r\n</span></pre></div>"},"url":"http://moh.zambia/ig/smart-immunizations-measles/StructureMap/IMMZCQRToLM","version":"0.1.0","name":"IMMZCQRToLM","status":"draft","date":"2023-10-26T12:02:25+00:00","publisher":"Zambia","contact":[{"name":"Zambia","telecom":[{"system":"url","value":"https://www.moh.gov.zm/"},{"system":"email","value":"muliokelar@who.int"}]}],"structure":[{"url":"http://hl7.org/fhir/StructureDefinition/QuestionnaireResponse","mode":"source","alias":"QResp"},{"url":"http://moh.zambia/ig/smart-immunizations-measles/StructureDefinition/IMMZCRegisterClient","mode":"target","alias":"IMMZC"}],"group":[{"name":"QRespToIMMZC","typeMode":"none","input":[{"name":"qr","type":"QResp","mode":"source"},{"name":"immzc","type":"IMMZC","mode":"target"}],"rule":[{"name":"processItems","source":[{"context":"qr","element":"item","variable":"item"}],"rule":[{"name":"FirstAnswerForIdentifier","source":[{"context":"item","element":"answer","listMode":"first","variable":"answer","condition":"item.linkId = 'uniqueId'"}],"rule":[{"name":"SetIdentifier","source":[{"context":"answer","element":"value","variable":"content"}],"target":[{"context":"immzc","contextType":"variable","element":"uniqueId","transform":"copy","parameter":[{"valueId":"content"}]}]}]},{"name":"FirstAnswerForFirstName","source":[{"context":"item","element":"answer","listMode":"first","variable":"answer","condition":"item.linkId = 'firstName'"}],"rule":[{"name":"SetFirstName","source":[{"context":"answer","element":"value","variable":"content"}],"target":[{"context":"immzc","contextType":"variable","element":"firstName","transform":"copy","parameter":[{"valueId":"content"}]}]}]},{"name":"FirstAnswerForSurname","source":[{"context":"item","element":"answer","listMode":"first","variable":"answer","condition":"item.linkId = 'surname'"}],"rule":[{"name":"SetSurname","source":[{"context":"answer","element":"value","variable":"content"}],"target":[{"context":"immzc","contextType":"variable","element":"surname","transform":"copy","parameter":[{"valueId":"content"}]}]}]},{"name":"FirstAnswerForIdentifier","source":[{"context":"item","element":"answer","listMode":"first","variable":"answer","condition":"item.linkId = 'sex'"}],"rule":[{"name":"ProcessCoding","source":[{"context":"answer","element":"value","variable":"coding"}],"rule":[{"name":"SetSex","source":[{"context":"coding","element":"code","variable":"content"}],"target":[{"context":"immzc","contextType":"variable","element":"sex","transform":"copy","parameter":[{"valueId":"content"}]}]}]}]},{"name":"FirstAnswerForAddress","source":[{"context":"item","element":"answer","listMode":"first","variable":"answer","condition":"item.linkId = 'address'"}],"rule":[{"name":"SetAddress","source":[{"context":"answer","element":"value","variable":"content"}],"target":[{"context":"immzc","contextType":"variable","element":"address","transform":"copy","parameter":[{"valueId":"content"}]}]}]},{"name":"FirstAnswerForBirthDate","source":[{"context":"item","element":"answer","listMode":"first","variable":"answer","condition":"item.linkId = 'birthDate'"}],"rule":[{"name":"SetBirthDate","source":[{"context":"answer","element":"value","variable":"content"}],"target":[{"context":"immzc","contextType":"variable","element":"birthDate","transform":"copy","parameter":[{"valueId":"content"}]}]}]},{"name":"SetCaregiver","source":[{"context":"item","element":"answer","variable":"caregiver","condition":"item.linkId = 'caregiver'"}],"target":[{"context":"immzc","contextType":"variable","element":"caregiver","variable":"caretgt"}],"dependent":[{"name":"FullNameToIMMZC","variable":["caregiver","caretgt"]}]},{"name":"FirstAnswerForPhone","source":[{"context":"item","element":"answer","listMode":"first","variable":"answer","condition":"item.linkId = 'phone'"}],"rule":[{"name":"SetPhone","source":[{"context":"answer","element":"value","variable":"content"}],"target":[{"context":"immzc","contextType":"variable","element":"phone","transform":"copy","parameter":[{"valueId":"content"}]}]}]}]}]},{"name":"FullNameToIMMZC","typeMode":"none","input":[{"name":"name","mode":"source"},{"name":"immzc","mode":"target"}],"rule":[{"name":"processNameItems","source":[{"context":"name","element":"item","variable":"item"}],"rule":[{"name":"FirstAnswerForFullName","source":[{"context":"item","element":"answer","listMode":"first","variable":"answer","condition":"item.linkId = 'firstName'"}],"rule":[{"name":"set","source":[{"context":"answer","element":"value","variable":"firstName"}],"target":[{"contextType":"variable","transform":"copy","parameter":[{"valueId":"firstName"}]}],"rule":[{"name":"set","source":[{"context":"item","element":"answer","listMode":"first","variable":"answer2","condition":"item.linkId = 'surname'"}],"rule":[{"name":"SetName","source":[{"context":"answer2","element":"value","variable":"surname"}],"target":[{"context":"immzc","contextType":"variable","element":"name","transform":"append","parameter":[{"valueId":"firstName"},{}{"valueId":"surname"}]}]}]}]}]}]}]}]}